sku,name,brand,color,size,mrp,price,quantity
SKU1000,Shoes,Reebok,Grey,XXL,3214.28,2655.49,29
SKU1001,T-Shirt,Nike,Green,XXL,4489.84,3803.89,19
SKU1002,Track Pants,Levis,White,XL,2157.58,1310.13,37
SKU1003,Jeans,Adidas,Yellow,XL,887.9,701.73,9
SKU1004,Jacket,Zara,Green,XXL,936.74,611.77,24
SKU1005,T-Shirt,Levis,Blue,XL,2346.94,2010.45,19
SKU1006,T-Shirt,Levis,Red,XL,4318.21,3504.65,20
SKU1007,Shoes,Reebok,Blue,M,2955.68,1774.95,20
SKU1008,Cap,Reebok,Red,S,1472.58,968.55,5
SKU1009,Track Pants,Zara,Yellow,L,1941.3,1355.37,12
SKU1010,T-Shirt,H&M,Grey,M,2474.57,1632.61,47
SKU1011,Shoes,Levis,Red,XXL,1701.46,1613.4,9
SKU1012,Track Pants,Zara,Blue,XL,621.92,518.69,24
SKU1013,Hoodie,Adidas,Blue,L,3397.79,2242.72,42
SKU1014,Jeans,Levis,White,M,4488.82,3083.91,35
SKU1015,Jacket,Puma,Green,M,1598.18,1351.36,43
SKU1016,Cap,H&M,Black,XXL,1737.6,1083.28,7
SKU1017,Shoes,Adidas,Red,L,2943.0,2121.31,16
SKU1018,Shorts,Puma,Blue,L,4989.07,4119.21,19
SKU1019,Shoes,Adidas,Black,XL,4216.31,2704.52,29
SKU1020,Track Pants,Adidas,Black,XXL,978.44,949.09,30
SKU1021,Shoes,Nike,Grey,S,4867.7,4373.18,36
SKU1022,Jeans,Puma,Red,L,4936.76,3314.74,26
SKU1023,Track Pants,Adidas,Black,XXL,3675.77,3140.71,19
SKU1024,Jeans,Puma,Grey,XXL,1865.96,1125.4,20
SKU1025,Sweater,H&M,Yellow,S,2637.54,1743.18,49
SKU1026,Shorts,Levis,Black,XXL,4670.89,4027.73,22
SKU1027,Sneakers,Reebok,Blue,M,4415.55,4173.8,24
SKU1028,Shoes,Puma,Grey,XL,3846.16,3491.01,47
SKU1029,Shorts,H&M,Green,M,4726.13,3711.74,6
SKU1030,Jacket,Nike,Green,M,2697.62,2467.98,32
SKU1031,Jacket,H&M,Yellow,XL,4298.76,2668.44,41
SKU1032,Hoodie,H&M,White,XXL,1651.58,1186.75,9
SKU1033,Cap,Levis,Yellow,XL,3676.94,3152.5,29
SKU1034,Jacket,Nike,Red,S,1200.31,1128.2,10
SKU1035,Shoes,H&M,Red,L,981.59,954.71,20
SKU1036,Cap,H&M,Black,L,2313.45,2126.18,13
SKU1037,Sweater,Levis,Blue,M,3433.44,2826.22,43
SKU1038,Jacket,Nike,Black,S,2465.41,1536.32,19
SKU1039,Jacket,Puma,Red,XL,2293.73,1437.78,6
SKU1040,Jacket,Adidas,Yellow,L,3082.55,2507.16,13
SKU1041,Sneakers,Reebok,Blue,XL,4783.1,4262.54,1
SKU1042,Sweater,Puma,White,M,4894.91,3408.53,26
SKU1043,Jeans,Levis,Grey,S,2648.8,2544.11,7
SKU1044,Cap,H&M,White,M,2301.53,1651.2,43
SKU1045,Jacket,Zara,Red,XL,3309.36,2480.96,16
SKU1046,T-Shirt,Levis,Yellow,L,928.79,801.26,50
SKU1047,Hoodie,Zara,Blue,M,2761.92,2080.46,24
SKU1048,Jeans,Nike,Blue,S,1875.83,1269.2,13
SKU1049,Sweater,Levis,Grey,S,2111.13,1499.98,35
SKU1050,Shoes,Reebok,Black,L,3701.53,2297.24,21
SKU1051,Hoodie,Nike,White,XL,1097.94,1064.06,19
SKU1052,Sneakers,Puma,Green,S,2714.04,2523.7,3
SKU1053,T-Shirt,Reebok,Blue,XXL,3550.31,3047.63,3
SKU1054,Hoodie,Nike,Grey,L,2369.23,2165.24,10
SKU1055,Sweater,Reebok,White,XL,2320.2,1905.27,1
SKU1056,Shoes,Adidas,Grey,XXL,739.89,669.74,28
SKU1057,Cap,Adidas,Yellow,L,1507.73,1437.36,49
SKU1058,Shoes,Zara,White,L,1639.13,1452.31,30
SKU1059,Track Pants,Reebok,Red,L,4781.94,3163.89,32
SKU1060,T-Shirt,Puma,Grey,S,3259.27,3200.49,35
SKU1061,Cap,H&M,Grey,XL,4767.2,3548.43,2
SKU1062,Sweater,Nike,Red,S,3372.08,2515.79,13
SKU1063,Jacket,Puma,Yellow,L,918.31,699.1,38
SKU1064,Jeans,Puma,Blue,XXL,2649.14,2117.52,3
SKU1065,Sneakers,Nike,Grey,L,3374.52,3123.42,8
SKU1066,Sweater,Nike,Green,XXL,2232.34,1520.72,26
SKU1067,Jacket,Puma,Blue,L,1235.53,961.78,6
SKU1068,Hoodie,Levis,Blue,XXL,3137.39,2375.1,16
SKU1069,Hoodie,Levis,Yellow,XXL,3615.51,2987.85,38
SKU1070,Jacket,H&M,White,M,3709.91,2513.23,50
SKU1071,Cap,Zara,Yellow,S,579.65,568.26,35
SKU1072,Cap,H&M,Blue,XL,4257.2,3496.25,30
SKU1073,Hoodie,Puma,Grey,S,3082.72,2572.8,6
SKU1074,Sneakers,Zara,Blue,XL,4282.64,4247.99,47
SKU1075,Sweater,H&M,White,S,2041.72,1391.03,46
SKU1076,Shoes,Puma,Blue,M,4756.46,4286.81,41
SKU1077,T-Shirt,Nike,Yellow,XL,2302.15,2199.72,38
SKU1078,Sneakers,Zara,Yellow,XL,2200.3,1762.44,49
SKU1079,Shoes,Levis,Blue,XL,3901.75,3694.32,15
SKU1080,Shoes,Reebok,White,L,3622.95,2709.33,22
SKU1081,Jeans,Levis,Red,XL,2474.0,1977.76,5
SKU1082,T-Shirt,Nike,Black,XL,1175.3,969.99,15
SKU1083,Cap,H&M,Black,XL,2217.93,2016.22,19
SKU1084,Shorts,H&M,Grey,S,4567.4,2909.05,47
SKU1085,Sweater,Zara,Yellow,S,2175.58,2112.98,17
SKU1086,Track Pants,Puma,Green,XXL,2563.23,2344.01,39
SKU1087,Jeans,H&M,Yellow,S,3843.73,3041.47,10
SKU1088,Hoodie,H&M,Yellow,M,3525.54,2649.24,36
SKU1089,Shorts,Zara,Red,S,719.0,688.12,16
SKU1090,Shorts,H&M,White,L,4032.01,2734.86,32
SKU1091,T-Shirt,Nike,Red,M,810.77,555.81,37
SKU1092,Sneakers,Nike,Red,XXL,2541.43,2026.2,3
SKU1093,Cap,Levis,Black,XXL,2158.35,2077.13,42
SKU1094,Cap,Adidas,Grey,M,2196.0,2142.28,39
SKU1095,Sneakers,Zara,Yellow,S,1520.35,1519.83,40
SKU1096,Jacket,H&M,Black,XL,4495.4,4194.8,1
SKU1097,Cap,Nike,White,S,4098.22,3242.98,28
SKU1098,Hoodie,Zara,Yellow,M,1875.0,1144.37,40
SKU1099,Sneakers,H&M,Red,XXL,3140.02,2772.55,50
SKU1100,Track Pants,Zara,Black,M,3691.66,3129.64,33
SKU1101,Jeans,Puma,Blue,S,4007.34,3906.75,21
SKU1102,Shorts,Zara,Black,XXL,1667.46,1315.72,26
SKU1103,Hoodie,Adidas,Yellow,L,3174.97,2439.23,13
SKU1104,T-Shirt,H&M,Yellow,M,4512.72,3289.36,48
SKU1105,Track Pants,Levis,Grey,XXL,4119.38,3257.17,37
SKU1106,Shoes,Puma,Green,M,1898.13,1270.48,24
SKU1107,Jacket,Zara,Yellow,XL,1573.55,1500.25,22
SKU1108,T-Shirt,Puma,Yellow,M,2891.94,2130.99,5
SKU1109,Cap,Zara,Grey,XXL,1200.83,1011.32,14
SKU1110,Shorts,Reebok,Black,S,4668.28,3409.3,32
SKU1111,Sneakers,Adidas,White,S,1474.93,1444.98,45
SKU1112,Cap,Reebok,Green,XXL,904.92,559.27,8
SKU1113,Shoes,Nike,Yellow,L,3003.67,2852.57,30
SKU1114,Shorts,Nike,Blue,S,1248.52,868.84,14
SKU1115,Shorts,Levis,Blue,XXL,4065.26,3305.37,25
SKU1116,Shorts,Zara,Yellow,S,1152.29,1075.15,6
SKU1117,Shoes,Zara,White,XL,3629.37,2310.89,29
SKU1118,Sweater,Zara,Green,XXL,4031.42,2844.31,11
SKU1119,T-Shirt,Reebok,Grey,XXL,1603.2,1082.43,32
SKU1120,Jeans,H&M,Green,XL,2333.6,1858.2,36
SKU1121,Cap,Levis,Blue,L,1332.69,1235.51,45
SKU1122,Track Pants,Zara,Red,M,1946.94,1501.08,27
SKU1123,Jeans,Nike,Green,S,3198.71,2982.85,5
SKU1124,Track Pants,Reebok,Yellow,XXL,4192.75,2925.33,45
SKU1125,Jacket,Puma,Red,S,738.09,543.25,30
SKU1126,Sneakers,Levis,Green,XXL,1021.89,756.94,41
SKU1127,Cap,Nike,White,L,4137.48,3531.25,46
SKU1128,Hoodie,Zara,Blue,M,4550.5,2883.56,17
SKU1129,Hoodie,Puma,Red,M,2975.44,2100.76,43
SKU1130,Jeans,H&M,Green,XL,1785.89,1644.15,6
SKU1131,T-Shirt,Nike,Black,M,3626.72,3217.56,27
SKU1132,Hoodie,Adidas,Red,L,3169.84,2039.16,13
SKU1133,Hoodie,Levis,Grey,L,920.05,812.54,18
SKU1134,Shoes,Levis,Yellow,S,2470.41,2199.1,33
SKU1135,Sweater,Levis,Black,S,2998.28,2543.65,10
SKU1136,Hoodie,H&M,Blue,S,4082.17,4061.15,47
SKU1137,Cap,Adidas,White,S,3456.85,2831.91,34
SKU1138,Shorts,Levis,Black,XL,2857.96,1915.28,32
SKU1139,Sweater,Levis,White,L,654.48,492.65,26
SKU1140,Shorts,Puma,White,XL,3772.05,3116.26,16
SKU1141,T-Shirt,H&M,Blue,XL,2278.18,2019.48,35
SKU1142,Sweater,Reebok,Yellow,S,1046.61,901.07,50
SKU1143,Shorts,H&M,Grey,XL,2926.58,1897.45,21
SKU1144,Hoodie,Adidas,White,L,4859.92,3097.06,5
SKU1145,Hoodie,Zara,Green,S,1451.77,989.14,25
SKU1146,Shorts,Zara,Green,M,563.62,507.48,3
SKU1147,Shorts,Puma,Blue,L,4942.4,3734.0,36
SKU1148,Jeans,Nike,Green,S,3381.2,2107.68,9
SKU1149,Hoodie,Reebok,Red,M,3199.11,2429.13,19
SKU1150,Jacket,Puma,Red,XL,1460.19,1439.35,30
SKU1151,Jacket,Reebok,Black,L,3347.27,3088.88,28
SKU1152,Sneakers,Levis,Black,XL,4686.67,4514.14,49
SKU1153,Jeans,Levis,Black,XL,2138.48,1689.69,39
SKU1154,Jeans,Adidas,Red,S,3195.47,2176.22,26
SKU1155,Sneakers,Adidas,Black,XXL,1338.09,1208.13,2
SKU1156,T-Shirt,H&M,Grey,S,2182.85,1644.15,48
SKU1157,Track Pants,Reebok,Black,XXL,579.24,548.89,9
SKU1158,Sweater,Zara,Yellow,L,1354.83,1149.77,32
SKU1159,Sweater,Puma,Red,S,1156.97,965.51,7
SKU1160,Cap,Zara,White,L,2731.2,2130.05,8
SKU1161,Jacket,Nike,Blue,XL,2761.47,1978.53,5
SKU1162,Hoodie,Puma,Black,L,2805.6,2732.45,39
SKU1163,Cap,Puma,Red,S,2722.0,2689.93,5
SKU1164,Jacket,Puma,Blue,M,860.78,685.74,10
SKU1165,T-Shirt,Levis,Grey,S,2393.64,1991.6,31
SKU1166,Track Pants,Zara,Grey,L,2867.48,2512.47,33
SKU1167,Sneakers,Levis,Black,M,3902.98,2754.89,34
SKU1168,T-Shirt,Adidas,Green,L,4990.26,4960.91,27
SKU1169,Jacket,Reebok,Red,M,4346.08,4068.09,50
SKU1170,Sweater,Puma,Grey,S,2405.23,1847.96,39
SKU1171,Cap,H&M,Blue,XXL,1343.72,1109.18,8
SKU1172,Hoodie,Adidas,Black,XL,1258.38,1246.76,15
SKU1173,Sweater,Puma,Yellow,XXL,3649.45,2789.89,1
SKU1174,Track Pants,Nike,Green,XL,2140.74,2027.04,36
SKU1175,Track Pants,Zara,White,XXL,4886.33,3969.19,13
SKU1176,Jacket,Nike,Red,XL,3094.08,1856.88,24
SKU1177,Jacket,Zara,Yellow,S,987.62,934.52,49
SKU1178,Jeans,Adidas,Red,XXL,4018.48,3179.76,18
SKU1179,Jeans,Zara,Grey,S,3072.63,3022.58,43
SKU1180,Shoes,H&M,Green,L,4125.45,2748.6,25
SKU1181,Jeans,Levis,Black,XXL,1421.68,1326.2,28
SKU1182,Hoodie,Nike,Black,M,1988.68,1333.06,12
SKU1183,Cap,Reebok,Red,XXL,4599.86,3559.85,43
SKU1184,Sweater,Reebok,Grey,S,1207.61,903.52,33
SKU1185,Cap,H&M,Red,S,3764.59,3428.45,18
SKU1186,Hoodie,Zara,White,XXL,1265.43,1227.1,34
SKU1187,Sneakers,Levis,Yellow,XXL,3470.95,3295.8,6
SKU1188,Jeans,Zara,Black,XL,3866.59,2882.93,33
SKU1189,Sweater,Nike,Grey,L,580.34,469.79,48
SKU1190,Track Pants,Nike,Yellow,S,2079.49,1524.46,26
SKU1191,Sweater,Nike,Red,L,2996.88,2909.75,44
SKU1192,Sneakers,Levis,White,L,638.99,430.15,37
SKU1193,Cap,Reebok,Grey,XL,721.4,684.53,6
SKU1194,Jacket,Reebok,Red,XXL,4357.15,3729.06,16
SKU1195,Jacket,Puma,Red,M,1280.58,1100.61,50
SKU1196,Cap,Puma,Black,M,2385.18,1927.39,24
SKU1197,Shorts,Levis,Green,L,4450.31,4423.27,1
SKU1198,Sneakers,Zara,Yellow,M,3457.05,3309.11,30
SKU1199,Shoes,Nike,Black,XL,789.99,533.39,37
SKU1200,T-Shirt,Puma,Red,M,2937.09,2818.33,26
SKU1201,Sweater,Puma,White,M,1667.83,1087.24,45
SKU1202,T-Shirt,Puma,Black,L,4807.52,4101.55,32
SKU1203,Hoodie,Reebok,Green,XL,2990.86,2032.2,47
SKU1204,Jeans,Adidas,Red,M,3040.15,3014.22,30
SKU1205,Jeans,Adidas,Black,M,4373.33,3950.48,35
SKU1206,T-Shirt,Puma,Red,XXL,1927.65,1785.78,6
SKU1207,Shorts,Reebok,Grey,L,1207.75,1061.82,14
SKU1208,Jacket,Levis,Green,S,2297.03,2059.58,8
SKU1209,Sneakers,H&M,Red,L,4360.89,4341.35,38
SKU1210,Sweater,Nike,Grey,S,3937.93,2948.19,14
SKU1211,Jeans,Levis,White,M,1172.81,894.95,12
SKU1212,Hoodie,Reebok,Grey,XXL,2339.34,1649.44,30
SKU1213,Shorts,Puma,Black,XL,4973.44,4715.17,35
SKU1214,Hoodie,Adidas,White,XL,3167.84,2768.85,7
SKU1215,Sweater,H&M,Red,XXL,4479.88,4060.27,6
SKU1216,Cap,H&M,Black,S,2651.4,1881.36,36
SKU1217,Sweater,Zara,Green,XL,3683.16,3365.63,35
SKU1218,T-Shirt,Puma,Black,XXL,2465.48,2237.2,43
SKU1219,Shorts,Puma,Green,M,3187.32,2960.96,8
SKU1220,Shoes,H&M,Yellow,M,1335.54,1225.28,20
SKU1221,Sneakers,Nike,Yellow,S,2544.36,2045.08,4
SKU1222,Hoodie,Nike,Blue,L,4360.93,2658.79,17
SKU1223,Hoodie,Adidas,Red,L,1783.95,1273.56,36
SKU1224,Sweater,Zara,Green,S,3195.38,2172.72,6
SKU1225,Jeans,Reebok,White,S,4109.25,2497.67,2
SKU1226,Shoes,Adidas,Black,XL,3829.46,3500.35,6
SKU1227,Shorts,Nike,Black,S,3793.29,3585.26,6
SKU1228,Track Pants,Levis,Yellow,XL,2678.69,2322.84,21
SKU1229,Sweater,Zara,Yellow,M,3590.24,2648.46,13
SKU1230,Jacket,Adidas,Green,M,3432.29,3098.67,26
SKU1231,Hoodie,Puma,Black,M,3854.57,2391.78,6
SKU1232,Hoodie,Nike,Green,S,585.87,421.13,41
SKU1233,Cap,Reebok,Grey,L,3593.11,2579.46,39
SKU1234,Jacket,H&M,White,XL,4032.34,2459.47,34
SKU1235,Hoodie,Reebok,Yellow,S,1543.1,1366.2,38
SKU1236,Jeans,Adidas,Grey,M,3994.64,2699.97,21
SKU1237,T-Shirt,Nike,Red,M,3893.38,2485.06,37
SKU1238,Hoodie,Nike,Yellow,M,4228.89,3334.6,7
SKU1239,Sweater,Zara,White,XXL,1908.21,1185.48,17
SKU1240,Shoes,Levis,Red,M,1424.99,1214.61,24
SKU1241,Cap,Nike,Black,L,4408.8,4392.77,47
SKU1242,Cap,Reebok,Grey,M,4198.08,2864.39,12
SKU1243,Sweater,Zara,Red,M,689.29,457.85,29
SKU1244,Shorts,Adidas,Grey,M,1561.41,1134.44,6
SKU1245,Shorts,Levis,White,L,3942.95,2903.56,6
SKU1246,Shorts,Reebok,Green,L,1747.57,1212.88,27
SKU1247,Sneakers,Adidas,White,M,2735.14,2566.96,17
SKU1248,Jacket,Nike,Red,L,3507.32,3289.64,27
SKU1249,T-Shirt,H&M,Grey,XXL,3953.82,3549.51,48
SKU1250,T-Shirt,Adidas,Grey,S,1574.39,1544.48,16
SKU1251,Sweater,Reebok,Yellow,S,1099.65,758.93,6
SKU1252,Shorts,Levis,Grey,L,2963.66,2706.06,24
SKU1253,Shorts,Zara,Green,L,1491.66,1244.08,50
SKU1254,Sweater,Levis,White,S,4557.77,3909.95,31
SKU1255,T-Shirt,Zara,Red,M,4459.09,4400.61,3
SKU1256,Sneakers,Nike,Grey,M,3258.93,3208.13,14
SKU1257,Sweater,H&M,Green,XXL,3613.03,3001.49,12
SKU1258,Jeans,Levis,Red,XL,3335.48,3182.27,33
SKU1259,Jacket,Puma,Blue,S,956.23,829.77,17
SKU1260,Hoodie,Zara,Blue,L,1914.86,1599.77,41
SKU1261,Jeans,Puma,Blue,M,2197.73,1545.68,34
SKU1262,Sweater,H&M,Blue,L,2521.74,1980.27,6
SKU1263,Shorts,Puma,Yellow,L,3719.13,3543.66,29
SKU1264,Sneakers,Puma,Green,M,4590.56,4186.32,41
SKU1265,Hoodie,Nike,Blue,XL,3879.88,3114.49,23
SKU1266,Sweater,Adidas,Red,XXL,3173.55,2833.08,16
SKU1267,Sneakers,Reebok,Red,XXL,754.49,483.68,25
SKU1268,Sweater,Puma,Green,S,1653.75,1563.97,24
SKU1269,Track Pants,Levis,Black,XL,1183.06,995.39,46
SKU1270,Jacket,Nike,Black,M,4595.85,4554.58,21
SKU1271,Jeans,H&M,Black,XL,3264.54,2227.6,26
SKU1272,Jacket,Reebok,Green,L,3771.12,2572.21,47
SKU1273,Shorts,Levis,Grey,S,4258.12,3693.91,33
SKU1274,Cap,Adidas,Grey,XXL,4765.53,3545.53,29
SKU1275,Hoodie,Zara,Green,XL,1982.6,1615.55,31
SKU1276,Jacket,Nike,Yellow,S,2597.28,2344.03,12
SKU1277,Sweater,Nike,Black,XXL,997.27,662.85,26
SKU1278,Jacket,Levis,Red,L,625.06,388.06,13
SKU1279,Cap,Nike,Grey,XXL,1405.21,1157.63,12
SKU1280,Cap,Zara,Blue,M,4359.33,3599.8,22
SKU1281,Track Pants,Levis,Black,XL,2993.13,2576.42,6
SKU1282,T-Shirt,Nike,Yellow,S,3561.96,2621.84,16
SKU1283,Track Pants,Zara,Blue,XXL,1345.78,863.13,39
SKU1284,Shorts,Adidas,Grey,S,4607.98,3587.25,48
SKU1285,Sneakers,H&M,Black,M,4916.23,3385.28,10
SKU1286,Shorts,Zara,Grey,XXL,4600.52,4389.33,39
SKU1287,Cap,Puma,Yellow,XL,4587.7,3190.39,45
SKU1288,T-Shirt,Adidas,Yellow,XXL,2515.83,2452.75,9
SKU1289,Sweater,Reebok,White,XXL,1034.58,730.99,50
SKU1290,Jacket,Reebok,Yellow,S,3065.79,2282.19,4
SKU1291,Shorts,Adidas,Green,M,4026.42,2771.41,4
SKU1292,Track Pants,Puma,Red,S,4552.59,4174.14,15
SKU1293,T-Shirt,Puma,Green,S,1202.02,770.99,39
SKU1294,Sneakers,Reebok,Red,S,2296.99,2184.88,31
SKU1295,Sweater,Adidas,Blue,S,4487.09,2930.08,47
SKU1296,Sneakers,Nike,Red,XL,2986.46,2228.37,47
SKU1297,Shorts,Adidas,Blue,M,4520.92,2760.58,41
SKU1298,Sweater,H&M,Yellow,M,787.43,599.58,18
SKU1299,Shorts,Nike,Blue,S,4337.43,3150.51,42
SKU1300,Track Pants,H&M,Yellow,M,572.6,389.58,3
SKU1301,Track Pants,Reebok,Red,S,1307.01,960.19,2
SKU1302,Cap,Reebok,Red,M,2392.35,2053.74,25
SKU1303,Jeans,Puma,Black,M,4559.02,2802.12,34
SKU1304,Jeans,Levis,White,M,1117.26,967.48,9
SKU1305,Jacket,Zara,Yellow,S,4884.92,3567.51,16
SKU1306,Sweater,Zara,Yellow,S,2025.96,1788.0,27
SKU1307,Track Pants,Reebok,Red,S,936.09,669.47,49
SKU1308,Hoodie,H&M,Grey,L,1417.34,1265.06,47
SKU1309,Shoes,Nike,Green,S,3303.98,2911.17,45
SKU1310,Track Pants,Adidas,Red,S,4090.54,3821.6,34
SKU1311,Cap,Adidas,Red,M,2654.08,1858.79,11
SKU1312,Sweater,Adidas,Blue,L,3257.33,2457.7,38
SKU1313,Shorts,Reebok,White,XXL,1620.54,1158.19,30
SKU1314,Hoodie,Puma,White,XXL,4750.27,3052.58,32
SKU1315,Sweater,Reebok,Green,S,702.24,565.86,21
SKU1316,Sweater,Zara,Yellow,XL,3681.59,3124.03,1
SKU1317,T-Shirt,H&M,Black,S,560.28,367.1,6
SKU1318,Jacket,Levis,Blue,S,2343.52,1700.58,15
SKU1319,Shoes,H&M,White,XXL,3615.76,3441.4,47
SKU1320,Cap,Levis,Grey,L,1094.03,766.54,43
SKU1321,Track Pants,Zara,Grey,S,2534.63,2533.22,31
SKU1322,Jeans,Adidas,Grey,S,4809.73,4028.37,16
SKU1323,Sweater,Puma,Red,XXL,3762.85,2942.57,28
SKU1324,Cap,Zara,White,L,4402.61,2837.0,26
SKU1325,Hoodie,Zara,Blue,XL,3716.06,2583.3,40
SKU1326,Track Pants,Nike,Blue,L,2526.98,1906.84,34
SKU1327,Shoes,Adidas,Green,S,1463.74,1258.57,39
SKU1328,T-Shirt,Levis,Red,S,4313.57,2804.11,47
SKU1329,Shoes,Nike,Black,XXL,1508.28,1081.95,3
SKU1330,T-Shirt,Reebok,Yellow,M,2376.35,2203.86,35
SKU1331,Track Pants,Nike,Grey,L,4970.96,4083.46,7
SKU1332,Shoes,Zara,Yellow,S,2039.15,1710.78,28
SKU1333,Sweater,H&M,Black,XXL,529.38,391.01,18
SKU1334,T-Shirt,H&M,Blue,XXL,2888.68,2629.26,19
SKU1335,Hoodie,H&M,Green,L,642.55,623.74,26
SKU1336,Cap,Zara,Grey,XL,3771.84,3428.73,30
SKU1337,Shoes,Levis,Grey,S,2803.75,2193.21,46
SKU1338,T-Shirt,H&M,Yellow,M,797.97,706.08,42
SKU1339,Sneakers,H&M,Red,XXL,3593.25,3533.84,48
SKU1340,Sneakers,Nike,Green,L,3324.8,3010.26,28
SKU1341,Cap,H&M,Red,L,3230.58,2166.55,20
SKU1342,Shoes,Levis,Grey,M,1502.45,1343.36,9
SKU1343,Shoes,Zara,Red,S,1866.68,1271.97,41
SKU1344,Sweater,Nike,Green,XXL,1210.88,995.74,43
SKU1345,Track Pants,Adidas,Yellow,XXL,4688.5,3869.28,9
SKU1346,Track Pants,Nike,Grey,L,1196.18,986.33,9
SKU1347,Cap,Zara,Yellow,XL,1111.29,696.3,16
SKU1348,T-Shirt,Levis,Grey,S,2099.73,1879.06,12
SKU1349,Shorts,Nike,Grey,XXL,3058.58,2920.73,31
SKU1350,Jeans,Reebok,Green,XXL,2040.59,1947.76,29
SKU1351,Shoes,Reebok,Green,XL,2678.01,2232.14,46
SKU1352,T-Shirt,Adidas,Yellow,XXL,4695.18,4339.56,21
SKU1353,Jeans,Adidas,Red,XL,1482.6,989.4,47
SKU1354,Sneakers,Nike,Grey,XXL,2360.45,2141.99,40
SKU1355,Jacket,Reebok,Black,XXL,3403.57,2232.26,4
SKU1356,Jeans,Puma,Green,XXL,3701.28,2993.3,41
SKU1357,T-Shirt,Adidas,White,S,3902.8,3627.25,22
SKU1358,Hoodie,Zara,Blue,L,2020.28,1491.55,41
SKU1359,Shorts,Levis,Black,XL,1386.66,1015.77,41
SKU1360,Shoes,Adidas,Grey,M,2704.78,2600.71,43
SKU1361,Sweater,H&M,Red,M,2929.63,2051.9,36
SKU1362,Hoodie,Zara,Yellow,M,1637.22,1536.15,23
SKU1363,Hoodie,Zara,Red,L,2556.8,1688.52,31
SKU1364,Shoes,Zara,Grey,XXL,2289.07,2024.0,5
SKU1365,Hoodie,Nike,Yellow,M,1011.54,654.33,37
SKU1366,Shorts,Zara,Green,M,1523.18,1277.89,12
SKU1367,Track Pants,Levis,Red,XXL,2816.47,1906.12,5
SKU1368,Sweater,Reebok,Black,L,1181.06,1135.02,9
SKU1369,Hoodie,Reebok,Red,S,3461.67,2166.66,10
SKU1370,Jeans,H&M,Yellow,L,3085.11,2077.46,34
SKU1371,Jeans,H&M,White,S,1502.06,981.51,20
SKU1372,Track Pants,Adidas,Yellow,XXL,1612.64,1593.42,36
SKU1373,Sweater,H&M,Red,XXL,3377.82,3033.63,13
SKU1374,Jacket,Adidas,Blue,M,3791.47,3628.97,7
SKU1375,Jeans,Reebok,White,XL,2811.05,2567.29,10
SKU1376,Sneakers,H&M,Blue,S,2789.33,2207.98,6
SKU1377,Jeans,Nike,Black,XXL,3228.34,3104.47,17
SKU1378,Sweater,Adidas,White,L,3867.07,3506.56,14
SKU1379,T-Shirt,Reebok,Yellow,S,1249.31,975.42,46
SKU1380,Cap,Reebok,Blue,XXL,2600.86,2351.1,13
SKU1381,Jeans,Nike,Yellow,XXL,970.36,697.46,41
SKU1382,Shoes,H&M,Black,M,2941.0,2237.85,2
SKU1383,Sweater,Reebok,Green,XL,813.77,513.89,42
SKU1384,Sneakers,Reebok,White,L,4390.23,2710.73,26
SKU1385,Jeans,Puma,Grey,XXL,2442.78,2426.73,28
SKU1386,Hoodie,Nike,White,S,3008.65,2093.04,19
SKU1387,Track Pants,Levis,White,S,1403.3,1372.29,25
SKU1388,Track Pants,Puma,Red,M,2069.35,1728.48,49
SKU1389,Jacket,Nike,Black,M,3210.03,2888.63,8
SKU1390,Sweater,Levis,Black,M,3722.79,3531.9,10
SKU1391,Sweater,Nike,Black,S,647.64,557.78,8
SKU1392,T-Shirt,H&M,White,XXL,1579.05,1255.46,32
SKU1393,Shoes,Levis,Red,XXL,3054.44,1987.62,27
SKU1394,Cap,Levis,Red,M,3544.08,2458.39,49
SKU1395,Track Pants,Levis,Blue,L,1142.4,1003.41,4
SKU1396,Track Pants,Zara,Blue,L,2683.07,2209.19,32
SKU1397,Jeans,Puma,Green,L,1413.29,1043.64,7
SKU1398,Sneakers,Zara,White,L,1105.03,1031.65,5
SKU1399,Sweater,Zara,Black,S,4273.19,3217.83,50
SKU1400,Shorts,Reebok,Green,S,3029.63,2654.04,2
SKU1401,Shoes,Reebok,Blue,XXL,1369.9,871.61,46
SKU1402,Track Pants,Zara,Red,XXL,3456.54,3194.97,6
SKU1403,Jacket,Nike,Black,S,1143.07,1123.15,19
SKU1404,Jeans,Adidas,White,M,1070.42,922.72,41
SKU1405,Jacket,Adidas,Blue,M,1133.71,1110.94,12
SKU1406,Track Pants,Reebok,White,M,3658.69,2216.29,32
SKU1407,Jeans,Zara,White,L,4369.31,3240.76,15
SKU1408,Cap,H&M,Yellow,S,2208.92,1772.62,11
SKU1409,Jacket,Levis,Red,XXL,4046.51,3394.43,18
SKU1410,Sweater,Zara,Yellow,XL,3871.44,2611.19,50
SKU1411,Jacket,Levis,Black,XL,3173.32,3011.87,3
SKU1412,Jeans,Levis,Green,XXL,4170.75,3936.13,36
SKU1413,Cap,Puma,Green,XXL,3978.45,2672.62,45
SKU1414,Sneakers,Puma,Yellow,L,1509.54,1015.04,35
SKU1415,Jacket,Levis,Green,XXL,1018.07,915.14,34
SKU1416,Track Pants,Zara,White,XL,3447.42,3135.52,17
SKU1417,Jeans,Zara,Black,L,4798.84,4084.06,9
SKU1418,Jeans,Puma,Black,XXL,4671.42,3432.85,19
SKU1419,Jacket,H&M,Green,L,3814.52,3381.88,8
SKU1420,Shorts,Nike,Black,XXL,3905.84,2495.97,42
SKU1421,Sweater,Nike,Green,M,4486.77,3422.74,36
SKU1422,Shorts,Nike,Grey,S,2855.41,2692.66,45
SKU1423,Sweater,H&M,White,XL,4543.39,3999.06,14
SKU1424,Cap,Puma,Blue,M,2573.3,2320.39,8
SKU1425,Shorts,H&M,Green,XL,4667.83,3919.4,9
SKU1426,Jeans,Nike,Red,L,869.82,838.22,46
SKU1427,Sweater,H&M,Green,XXL,3303.45,2561.32,22
SKU1428,Jeans,Zara,Grey,L,1363.69,890.8,50
SKU1429,Track Pants,H&M,Black,XL,1711.24,1525.47,8
SKU1430,Cap,Nike,Red,XL,2540.69,1641.64,36
SKU1431,T-Shirt,H&M,Blue,S,4197.41,3526.1,9
SKU1432,Track Pants,Levis,Black,S,2622.34,1743.45,9
SKU1433,Shoes,Nike,White,M,4355.94,4289.7,10
SKU1434,Shoes,Adidas,Green,XL,703.98,660.25,29
SKU1435,Cap,Reebok,Blue,XXL,755.9,619.98,23
SKU1436,Track Pants,Zara,Black,XL,2215.69,2061.5,31
SKU1437,Sneakers,Levis,Grey,S,820.52,664.8,43
SKU1438,Jeans,H&M,White,XXL,3880.8,3439.92,26
SKU1439,Sneakers,Puma,Yellow,L,4829.84,3838.21,14
SKU1440,T-Shirt,Adidas,White,XXL,1515.97,1404.38,40
SKU1441,Jacket,Nike,Red,M,3323.44,2139.59,30
SKU1442,T-Shirt,H&M,White,XL,1291.32,1146.66,4
SKU1443,Shorts,Zara,Yellow,XXL,1775.46,1706.29,50
SKU1444,Track Pants,Puma,Red,L,3311.25,2371.08,23
SKU1445,Jacket,Puma,Green,XL,842.05,651.24,44
SKU1446,Cap,Adidas,Grey,XL,3460.38,3000.05,49
SKU1447,Track Pants,Levis,Red,L,3193.23,2600.11,38
SKU1448,Shorts,Puma,White,L,750.15,477.66,8
SKU1449,Hoodie,Nike,Red,XL,2348.64,2345.46,31
SKU1450,Shoes,Zara,Grey,L,1479.28,1066.62,30
SKU1451,Jacket,Adidas,Red,XL,2413.78,2290.27,33
SKU1452,Sweater,Adidas,Green,M,4074.61,2916.64,7
SKU1453,Sneakers,Nike,Green,S,615.52,496.21,8
SKU1454,Sweater,Zara,Yellow,M,1407.85,959.29,16
SKU1455,Hoodie,Nike,Grey,XXL,1405.03,1070.33,38
SKU1456,Sweater,Levis,Black,S,839.07,674.84,25
SKU1457,Shoes,Puma,Red,XXL,4983.21,4297.32,16
SKU1458,Jeans,Adidas,Blue,L,3459.43,2833.03,10
SKU1459,Sneakers,Puma,Blue,XL,2275.1,1536.76,14
SKU1460,Track Pants,Zara,Blue,M,2840.0,2532.13,18
SKU1461,T-Shirt,Adidas,White,L,4165.15,3702.07,13
SKU1462,Hoodie,Zara,Blue,S,3475.06,2840.72,23
SKU1463,Sneakers,Puma,White,S,3737.82,3652.12,44
SKU1464,Track Pants,Puma,Red,S,4485.26,2831.28,41
SKU1465,Sneakers,Nike,Yellow,M,2445.67,1727.93,3
SKU1466,Track Pants,Puma,Yellow,M,4899.12,4076.66,14
SKU1467,Jacket,H&M,Green,S,4672.64,4336.98,30
SKU1468,Sweater,Reebok,Grey,XXL,3167.44,2807.92,30
SKU1469,Cap,Puma,Blue,L,4551.15,2828.46,5
SKU1470,Sneakers,Puma,Green,L,2320.79,2257.19,5
SKU1471,Shorts,Levis,White,XL,1164.69,1147.79,11
SKU1472,Jeans,Zara,Black,XL,2275.78,1619.92,6
SKU1473,Jacket,H&M,Grey,XL,1956.67,1326.6,43
SKU1474,Sweater,H&M,Red,L,1082.08,1030.11,44
SKU1475,Track Pants,Adidas,Green,L,1325.62,1276.99,23
SKU1476,Jacket,Levis,White,M,2485.92,2133.36,45
SKU1477,Shoes,Puma,Grey,S,4295.77,2746.96,21
SKU1478,Jeans,H&M,Blue,M,4923.14,3976.86,15
SKU1479,Hoodie,Puma,Blue,S,1762.17,1379.98,31
SKU1480,Shoes,Puma,Green,L,1262.92,1089.87,34
SKU1481,Cap,Puma,Green,S,4476.02,4463.51,44
SKU1482,Shoes,Reebok,Yellow,XXL,4459.89,4302.17,28
SKU1483,Shorts,H&M,Green,S,3992.22,3220.19,4
SKU1484,T-Shirt,Zara,Green,XL,3599.0,2831.92,24
SKU1485,Shorts,Reebok,Red,M,4603.71,4466.24,11
SKU1486,Shorts,Reebok,Black,L,3420.77,2069.31,44
SKU1487,Sweater,Zara,Grey,S,3101.61,1889.55,20
SKU1488,Shoes,Puma,Red,S,2836.93,1724.38,10
SKU1489,Jacket,Reebok,Red,XL,4239.26,3625.59,26
SKU1490,Hoodie,Reebok,Red,M,1134.49,1016.0,40
SKU1491,Jeans,Nike,Black,XXL,817.63,716.01,47
SKU1492,T-Shirt,Nike,Grey,L,2049.12,1452.48,26
SKU1493,Sweater,Reebok,Yellow,L,4290.89,3522.0,20
SKU1494,Track Pants,Puma,Blue,S,4563.28,4029.47,6
SKU1495,Sneakers,Puma,Blue,L,3125.6,2995.29,40
SKU1496,Jeans,Puma,Grey,L,2190.23,2098.88,14
SKU1497,T-Shirt,Puma,White,M,3594.84,3496.08,7
SKU1498,Shoes,Reebok,White,XXL,3380.86,2184.67,3
SKU1499,Shoes,Nike,Red,S,1910.81,1349.52,18
SKU1500,Jacket,Nike,Red,L,2989.19,2164.04,43
SKU1501,T-Shirt,Puma,Grey,S,675.07,518.11,35
SKU1502,T-Shirt,Puma,Yellow,XXL,1983.21,1768.59,40
SKU1503,Hoodie,Nike,Black,XXL,4223.49,3049.57,20
SKU1504,Shoes,Adidas,Yellow,L,2472.49,1712.86,10
SKU1505,Sweater,Adidas,Blue,L,1674.73,1197.09,38
SKU1506,Cap,H&M,Green,M,4354.33,3311.63,14
SKU1507,Sweater,Levis,Green,XL,1377.72,1174.84,18
SKU1508,Jeans,H&M,Blue,S,2143.01,2045.26,28
SKU1509,Sweater,Zara,Green,L,796.76,680.87,5
SKU1510,Jacket,Adidas,Yellow,M,941.32,860.57,5
SKU1511,Jeans,H&M,Red,XXL,1283.69,879.5,9
SKU1512,Cap,Reebok,White,M,2876.14,2335.84,39
SKU1513,Sweater,Adidas,White,XXL,3097.45,2558.75,36
SKU1514,Jeans,Adidas,White,S,578.23,430.52,6
SKU1515,Jacket,Levis,Grey,XL,1359.76,1253.2,23
SKU1516,Track Pants,Zara,Red,XXL,3104.97,1928.77,35
SKU1517,Cap,Zara,White,M,1614.89,1529.77,16
SKU1518,Shoes,Zara,Blue,L,4032.14,3481.65,44
SKU1519,Sneakers,Nike,Blue,M,769.65,717.82,50
SKU1520,Jeans,Adidas,Red,XL,4677.57,4376.54,27
SKU1521,Sneakers,Levis,Yellow,XXL,3480.82,3428.42,48
SKU1522,Sweater,Adidas,Green,M,1402.44,1286.21,31
SKU1523,Cap,Nike,Grey,S,3895.73,3497.43,7
SKU1524,Cap,Zara,Red,XXL,4934.93,4329.94,23
SKU1525,Sweater,Nike,Red,L,4930.74,4568.72,3
SKU1526,Shorts,Zara,Green,L,2462.55,2433.24,26
SKU1527,Jeans,Reebok,Black,XXL,2256.48,1901.04,21
SKU1528,Jeans,Nike,Black,L,3780.33,3424.56,43
SKU1529,Sweater,Adidas,White,S,1095.57,983.04,15
SKU1530,Sweater,Adidas,Blue,M,2812.07,2102.81,38
SKU1531,Shoes,H&M,Black,M,1836.2,1256.9,49
SKU1532,Hoodie,Levis,White,XL,4427.95,3896.23,12
SKU1533,Cap,Reebok,Green,L,1084.17,892.04,9
SKU1534,T-Shirt,Adidas,Grey,L,965.22,810.31,30
SKU1535,Sneakers,Nike,Grey,XL,2242.43,1969.1,36
SKU1536,Jeans,Puma,Yellow,XL,1378.32,945.75,47
SKU1537,T-Shirt,Levis,White,XL,1903.86,1852.06,33
SKU1538,Hoodie,Nike,Green,XL,3382.66,3063.97,33
SKU1539,Sweater,Nike,Yellow,XXL,1169.14,1085.08,42
SKU1540,Sweater,Nike,Red,M,644.74,619.2,46
SKU1541,Sneakers,H&M,Grey,XXL,1480.23,894.33,3
SKU1542,Shoes,H&M,Black,M,4573.97,3035.84,28
SKU1543,Sweater,Nike,Grey,L,4088.22,2811.28,50
SKU1544,Shoes,Nike,Black,S,1240.43,980.82,8
SKU1545,Sneakers,Nike,Blue,M,2358.67,2053.77,18
SKU1546,Track Pants,Zara,Blue,L,3878.31,3092.59,23
SKU1547,Shorts,Puma,Grey,XXL,4995.1,4494.94,31
SKU1548,Sneakers,H&M,Yellow,S,1945.2,1517.83,40
SKU1549,Sneakers,H&M,Grey,M,1799.08,1730.14,36
SKU1550,Hoodie,Zara,Red,XXL,926.53,575.33,40
SKU1551,Jacket,Reebok,Blue,XXL,4941.0,3278.34,29
SKU1552,Sweater,Adidas,Black,XL,3507.88,2855.74,11
SKU1553,Jacket,Adidas,Green,M,3399.82,2989.63,30
SKU1554,Cap,H&M,Green,M,4639.86,3891.04,18
SKU1555,Jeans,Nike,Red,S,3952.6,3566.47,20
SKU1556,Cap,Puma,Red,XL,3989.63,2492.59,9
SKU1557,Sneakers,Levis,Blue,XL,1762.99,1537.05,33
SKU1558,Jeans,Zara,White,M,1787.44,1216.84,19
SKU1559,Shoes,Zara,Black,XXL,768.79,490.37,7
SKU1560,T-Shirt,Nike,Blue,M,1052.5,1037.71,45
SKU1561,Sneakers,H&M,Blue,M,4463.43,3055.21,19
SKU1562,Track Pants,Zara,Grey,M,4517.3,4481.96,6
SKU1563,Track Pants,Zara,Blue,L,1885.84,1772.4,26
SKU1564,Shoes,Zara,Grey,XXL,4030.94,2609.55,50
SKU1565,Track Pants,Puma,Red,L,3440.96,2913.16,11
SKU1566,Sneakers,Adidas,Red,S,1364.77,824.04,43
SKU1567,Shoes,Adidas,White,S,3056.49,1902.72,11
SKU1568,Hoodie,Nike,Grey,XL,3902.32,3830.02,35
SKU1569,Jeans,Nike,Green,L,3251.55,2099.19,18
SKU1570,Track Pants,Levis,Yellow,XL,1553.4,1415.92,25
SKU1571,T-Shirt,Zara,Blue,M,1140.99,919.62,30
SKU1572,Jacket,Reebok,White,XXL,2953.03,1932.91,43
SKU1573,Jeans,Puma,Yellow,L,3523.55,3060.16,47
SKU1574,Sneakers,Nike,Grey,XXL,1713.23,1095.1,1
SKU1575,T-Shirt,Puma,Yellow,M,4782.16,2892.09,34
SKU1576,Cap,Zara,Green,L,3300.35,2687.07,9
SKU1577,Cap,Reebok,Black,M,601.12,582.57,46
SKU1578,Sneakers,H&M,Blue,XXL,3772.07,2301.14,3
SKU1579,T-Shirt,Puma,Black,L,4421.58,2941.07,9
SKU1580,Cap,Puma,Blue,L,2710.16,2291.31,17
SKU1581,Sneakers,Adidas,Black,L,1258.88,971.72,36
SKU1582,Jacket,Nike,Yellow,M,1131.18,877.27,15
SKU1583,Jeans,Puma,Blue,M,3907.54,3650.77,2
SKU1584,T-Shirt,Levis,Black,M,2161.23,1621.02,11
SKU1585,Cap,Reebok,White,M,1472.12,953.21,18
SKU1586,Shoes,Reebok,Blue,XL,2472.65,2228.35,50
SKU1587,T-Shirt,Zara,Red,M,3962.09,3884.87,10
SKU1588,Track Pants,Reebok,Red,XXL,2124.47,1858.18,4
SKU1589,T-Shirt,Levis,Yellow,M,1905.8,1717.5,31
SKU1590,Hoodie,Zara,Red,S,2611.62,1982.57,24
SKU1591,Shorts,Reebok,Yellow,XL,4291.47,3542.83,23
SKU1592,Sweater,Nike,Red,L,519.76,331.91,34
SKU1593,Cap,Adidas,White,S,938.99,753.71,42
SKU1594,Shorts,Reebok,Yellow,L,4517.28,3257.51,35
SKU1595,T-Shirt,H&M,Black,L,4700.75,4320.69,14
SKU1596,Jeans,Nike,White,XL,3897.24,3037.63,5
SKU1597,Sneakers,Puma,Blue,S,4529.08,3696.64,21
SKU1598,T-Shirt,Nike,Blue,S,1912.04,1152.97,42
SKU1599,Shoes,Reebok,Red,XL,3537.41,2317.87,12
SKU1600,Hoodie,Nike,Black,L,811.56,765.04,42
SKU1601,Jeans,Levis,Yellow,M,3473.36,2628.31,31
SKU1602,Cap,H&M,White,XL,2460.35,2088.37,33
SKU1603,Hoodie,Zara,Black,XL,1109.83,666.91,9
SKU1604,Shoes,Adidas,Grey,M,1008.52,911.15,31
SKU1605,Cap,H&M,Yellow,L,640.4,501.16,20
SKU1606,Shoes,Levis,Black,S,1611.44,1407.75,30
SKU1607,Shoes,Zara,Green,S,2533.45,2508.66,22
SKU1608,Jeans,Nike,Red,XXL,694.69,671.42,30
SKU1609,Jeans,Nike,White,XL,4490.77,3158.55,9
SKU1610,Track Pants,Zara,Yellow,XXL,3556.55,3179.5,2
SKU1611,Jacket,H&M,Red,XL,572.36,538.75,25
SKU1612,Cap,H&M,Blue,L,3979.1,3756.02,47
SKU1613,Shoes,Zara,Yellow,S,1075.93,1025.35,33
SKU1614,Cap,Nike,Yellow,S,3772.84,3092.52,13
SKU1615,Track Pants,Zara,White,L,2241.44,1570.38,42
SKU1616,Shorts,Adidas,Blue,XL,4793.02,4332.17,16
SKU1617,Hoodie,H&M,Green,XXL,1627.01,1121.25,15
SKU1618,Cap,Levis,White,XL,2158.94,1471.96,47
SKU1619,T-Shirt,Puma,Blue,XL,4632.17,3065.19,16
SKU1620,T-Shirt,Nike,Black,S,1483.33,1011.92,25
SKU1621,Shorts,Puma,Red,L,3683.55,2866.28,24
SKU1622,Sneakers,Zara,Grey,M,2146.29,2046.38,24
SKU1623,Sneakers,Levis,Grey,M,821.53,726.99,50
SKU1624,Jacket,Nike,Yellow,XXL,2310.58,1750.4,27
SKU1625,Jeans,Reebok,Blue,M,2389.09,1732.14,31
SKU1626,Shorts,Zara,Red,M,2590.09,2382.41,5
SKU1627,Cap,Puma,Black,S,4030.43,3360.45,18
SKU1628,Cap,Adidas,Blue,XL,4943.0,4778.83,28
SKU1629,Cap,Reebok,Black,S,2398.43,1867.21,11
SKU1630,Sneakers,Zara,White,XXL,1137.04,786.57,19
SKU1631,Hoodie,Nike,White,XXL,3713.12,3354.29,47
SKU1632,Jeans,Puma,Grey,S,3284.89,2987.68,6
SKU1633,Shoes,Puma,Red,L,4448.28,2721.08,2
SKU1634,Sneakers,Nike,Black,XXL,4733.95,4680.07,11
SKU1635,Track Pants,Reebok,Grey,L,3951.0,3839.35,6
SKU1636,Shorts,Puma,White,XL,2117.16,1662.63,30
SKU1637,Hoodie,Zara,Grey,S,1664.42,1305.77,17
SKU1638,Sweater,Nike,Green,S,4164.19,3360.57,27
SKU1639,Jeans,Nike,Green,XL,818.76,583.31,40
SKU1640,Track Pants,H&M,Yellow,XL,3993.5,3772.29,19
SKU1641,Track Pants,Zara,Black,XL,3164.0,2345.95,46
SKU1642,T-Shirt,Nike,Yellow,L,1435.66,967.87,15
SKU1643,Track Pants,Reebok,Black,XL,1594.8,1404.18,44
SKU1644,Sweater,Reebok,White,L,4375.13,3176.32,36
SKU1645,Shorts,Puma,Yellow,M,1669.53,1496.08,40
SKU1646,Cap,Puma,Blue,S,1565.17,1457.71,35
SKU1647,Hoodie,Levis,Blue,XXL,4625.72,3224.18,33
SKU1648,Jeans,Adidas,Grey,L,3193.85,2580.3,27
SKU1649,Jacket,Puma,Blue,L,4598.35,4437.44,23
SKU1650,T-Shirt,Reebok,Yellow,L,1483.63,1059.04,18
SKU1651,Jeans,Adidas,Black,XXL,2173.65,2076.19,49
SKU1652,Shorts,Zara,Blue,L,1686.6,1526.26,44
SKU1653,T-Shirt,Zara,Black,M,1408.09,965.41,45
SKU1654,T-Shirt,Zara,White,M,3521.58,3108.55,42
SKU1655,Sweater,Nike,Yellow,M,562.91,439.04,48
SKU1656,Shorts,Levis,Blue,M,3535.27,2342.72,5
SKU1657,Sneakers,Zara,Yellow,L,4361.32,2689.75,27
SKU1658,Sweater,H&M,Blue,S,3493.81,2778.18,28
SKU1659,Shoes,Puma,White,L,2920.02,2171.87,5
SKU1660,Cap,Zara,Green,S,2757.72,2559.51,7
SKU1661,Hoodie,Nike,White,S,1086.65,714.75,32
SKU1662,Cap,Adidas,Green,XL,543.81,493.39,10
SKU1663,T-Shirt,Adidas,Red,XL,3279.06,3276.53,46
SKU1664,Jacket,Puma,Grey,XL,3472.66,2795.68,21
SKU1665,Sneakers,Puma,White,L,1817.08,1715.05,14
SKU1666,Shorts,Zara,Yellow,S,1710.91,1502.54,49
SKU1667,Shorts,Reebok,Yellow,XL,3288.94,2693.69,16
SKU1668,Cap,Puma,Yellow,S,2346.59,1633.52,11
SKU1669,Sweater,Zara,Green,L,4440.59,4276.9,50
SKU1670,Shorts,Levis,Blue,S,1517.96,1375.98,36
SKU1671,Jacket,Levis,White,M,3819.69,2654.51,41
SKU1672,Hoodie,Reebok,Grey,M,4486.43,3021.35,37
SKU1673,Cap,Levis,Red,M,4059.72,3069.53,36
SKU1674,Jacket,Levis,Yellow,S,4944.59,4772.2,40
SKU1675,Sweater,Zara,White,S,2956.74,2158.92,43
SKU1676,Sweater,H&M,White,XXL,620.23,612.91,4
SKU1677,Jeans,Levis,White,M,1011.29,639.21,46
SKU1678,Jacket,Puma,Green,XXL,2539.51,1793.76,15
SKU1679,T-Shirt,H&M,White,XL,3478.16,2467.45,44
SKU1680,Shorts,Zara,Red,L,1117.75,736.19,34
SKU1681,Shoes,Puma,Blue,M,1436.89,1314.14,28
SKU1682,Track Pants,Puma,Yellow,M,2367.67,2281.34,19
SKU1683,Track Pants,Nike,Black,L,2798.12,1753.61,16
SKU1684,Sneakers,Nike,Yellow,L,1816.43,1214.83,49
SKU1685,Track Pants,Levis,Black,S,1791.6,1432.46,7
SKU1686,Sneakers,Nike,White,S,4217.23,3632.53,44
SKU1687,Shorts,Reebok,Grey,XL,4315.73,3583.26,50
SKU1688,Cap,Reebok,Green,XL,3823.98,2571.01,11
SKU1689,T-Shirt,Adidas,Black,S,1863.81,1213.32,24
SKU1690,Track Pants,Reebok,Red,M,3858.38,3551.71,21
SKU1691,T-Shirt,Adidas,Red,L,971.39,827.29,16
SKU1692,Jeans,Puma,Blue,L,3936.77,3303.32,23
SKU1693,Jacket,Levis,Yellow,M,4044.34,3350.9,38
SKU1694,Shorts,H&M,Yellow,XL,3960.77,2861.01,19
SKU1695,Sneakers,Levis,Green,L,2057.46,1981.79,31
SKU1696,Jeans,H&M,Red,L,4007.59,2762.61,37
SKU1697,Sneakers,Puma,Black,XL,783.79,670.7,13
SKU1698,Cap,H&M,Grey,XXL,4079.68,3784.53,16
SKU1699,Shoes,Puma,Blue,XXL,2016.97,1966.95,12
SKU1700,Shoes,Levis,Green,L,2334.77,2157.92,5
SKU1701,T-Shirt,Levis,White,M,600.13,368.53,10
SKU1702,Hoodie,Puma,Yellow,XXL,4105.86,2752.73,34
SKU1703,Cap,Zara,Green,L,4014.1,3205.08,45
SKU1704,Jacket,Adidas,Grey,S,1621.09,1358.42,3
SKU1705,Hoodie,Nike,Green,XL,2358.49,2249.7,6
SKU1706,Jeans,Reebok,Black,L,4472.47,3965.52,9
SKU1707,Shoes,Nike,White,L,2681.29,2641.03,23
SKU1708,Hoodie,Adidas,Blue,XL,723.1,665.73,49
SKU1709,Shoes,Puma,Red,XL,2946.59,1996.8,15
SKU1710,Jacket,Reebok,Blue,XXL,540.44,389.42,17
SKU1711,Jeans,Adidas,Grey,L,558.11,452.74,26
SKU1712,Sneakers,Nike,Black,XL,2635.87,2270.21,37
SKU1713,Jeans,Levis,White,XXL,3125.53,2857.19,10
SKU1714,T-Shirt,Zara,Red,XL,2563.25,1572.68,27
SKU1715,Sneakers,Zara,Yellow,XXL,647.81,601.32,9
SKU1716,Hoodie,Zara,Yellow,XXL,2003.62,1543.3,12
SKU1717,Jeans,Adidas,Yellow,XXL,2201.87,1937.05,14
SKU1718,Cap,Adidas,Red,L,4552.93,3255.24,36
SKU1719,Shoes,Reebok,White,S,3476.53,3372.93,28
SKU1720,Shorts,H&M,Yellow,M,4295.29,4184.86,36
SKU1721,T-Shirt,H&M,Yellow,M,3910.25,2616.01,47
SKU1722,Sweater,Puma,Yellow,XXL,4624.21,3575.35,22
SKU1723,Shorts,H&M,Black,M,1822.86,1140.97,26
SKU1724,Track Pants,Puma,Red,S,1669.85,1121.56,4
SKU1725,Shorts,Nike,Blue,XL,4476.32,3670.4,26
SKU1726,Shoes,H&M,White,L,3944.43,2534.2,38
SKU1727,T-Shirt,Zara,White,XXL,551.68,430.98,46
SKU1728,Shorts,H&M,Red,S,2335.95,2235.87,41
SKU1729,Jeans,Levis,White,XXL,1868.09,1301.89,48
SKU1730,Sneakers,Puma,Black,XL,817.55,655.96,11
SKU1731,Jeans,Levis,Green,L,1226.66,1060.26,20
SKU1732,Jeans,Adidas,Grey,S,3546.89,2459.09,48
SKU1733,Shoes,Adidas,Black,L,2266.92,1833.0,8
SKU1734,Shoes,Levis,White,XL,3256.3,2464.13,28
SKU1735,Cap,H&M,Black,S,1510.3,1132.06,3
SKU1736,T-Shirt,Zara,Green,L,2516.76,2273.54,4
SKU1737,Track Pants,Nike,Black,XXL,4156.82,3151.14,13
SKU1738,Shoes,Nike,Grey,S,2908.51,2405.76,34
SKU1739,Shorts,Levis,Grey,XL,2650.45,1912.8,7
SKU1740,Sweater,Zara,Black,XXL,2419.56,2043.43,46
SKU1741,Cap,Adidas,Blue,M,1534.36,1157.98,23
SKU1742,Jeans,Reebok,Grey,S,2273.08,1954.59,21
SKU1743,T-Shirt,Zara,Yellow,XL,596.61,406.05,49
SKU1744,T-Shirt,Levis,Red,XXL,3650.62,3413.17,13
SKU1745,Shorts,Zara,White,XXL,3147.45,2274.29,45
SKU1746,Sweater,Adidas,Red,S,3206.63,2771.92,35
SKU1747,Sweater,Nike,Green,M,1325.84,902.05,3
SKU1748,T-Shirt,Levis,Black,XL,3562.78,3531.28,12
SKU1749,Track Pants,Adidas,Green,XXL,2342.0,1564.18,27
SKU1750,Jeans,Adidas,Black,L,634.47,606.15,29
SKU1751,Cap,Adidas,Blue,M,2331.25,2132.05,23
SKU1752,Cap,Levis,White,M,3431.16,2958.59,18
SKU1753,Shoes,Zara,Yellow,XL,4085.61,2703.14,11
SKU1754,Shoes,Adidas,Black,M,2950.81,2872.88,45
SKU1755,Hoodie,Adidas,White,S,3262.07,3025.1,45
SKU1756,Jeans,Puma,Black,XXL,3851.42,2775.76,18
SKU1757,Jacket,Adidas,Green,XL,3006.79,2287.53,33
SKU1758,Shoes,H&M,Yellow,XXL,1793.46,1760.07,37
SKU1759,Track Pants,Reebok,Blue,L,2167.19,1970.82,17
SKU1760,Cap,Reebok,Red,M,1618.8,1097.53,37
SKU1761,Shoes,Puma,Green,M,2267.78,1399.8,32
SKU1762,Cap,Levis,Green,XL,2373.45,1501.5,42
SKU1763,Jacket,Puma,Green,XXL,2716.33,2675.07,44
SKU1764,Hoodie,Puma,Green,XL,2299.94,1770.44,35
SKU1765,Cap,Levis,Green,XL,3540.35,2639.76,20
SKU1766,T-Shirt,Zara,Red,XL,3975.52,2486.11,23
SKU1767,Jeans,Zara,Grey,XXL,3060.64,3046.53,34
SKU1768,Track Pants,Puma,Yellow,S,2205.53,2091.49,23
SKU1769,Cap,Levis,Yellow,M,2638.74,2508.02,33
SKU1770,Jacket,H&M,Red,XXL,3714.87,2921.23,24
SKU1771,Jeans,Adidas,Yellow,S,2950.58,2162.21,15
SKU1772,Track Pants,Zara,Yellow,L,3240.51,2059.06,17
SKU1773,Shorts,Adidas,Blue,XXL,3619.2,2221.93,24
SKU1774,Jacket,Nike,Grey,M,574.62,443.61,7
SKU1775,Shoes,Zara,Green,L,3669.38,3264.21,39
SKU1776,Jeans,Puma,White,M,3964.12,2426.75,46
SKU1777,Shoes,H&M,Red,S,1508.36,1479.82,14
SKU1778,Shorts,H&M,Blue,S,1632.74,1034.78,34
SKU1779,Track Pants,Adidas,Green,XXL,986.39,870.9,37
SKU1780,Cap,Levis,Blue,M,791.82,705.13,1
SKU1781,Shoes,H&M,Black,XXL,4964.46,3854.31,18
SKU1782,Shoes,Zara,Yellow,XL,3049.79,3001.66,28
SKU1783,Track Pants,Reebok,Red,L,2997.47,2111.07,14
SKU1784,Sweater,Adidas,Red,M,2718.55,1936.58,42
SKU1785,Shorts,Puma,Green,XL,1265.58,1164.08,2
SKU1786,Jacket,H&M,Green,XL,2817.45,2754.28,44
SKU1787,T-Shirt,Zara,Red,XXL,3214.37,2501.17,31
SKU1788,Jeans,Reebok,Yellow,M,3710.41,2393.1,35
SKU1789,Shorts,Reebok,Red,XXL,888.19,613.13,9
SKU1790,Track Pants,Levis,Yellow,XL,1675.03,1550.25,24
SKU1791,Sweater,Nike,Red,L,1307.23,1224.02,20
SKU1792,Cap,H&M,Green,XL,1814.37,1268.33,45
SKU1793,Jeans,Levis,Blue,XXL,2933.44,1885.2,3
SKU1794,Track Pants,Puma,Green,L,819.3,596.94,29
SKU1795,Hoodie,Nike,Black,XXL,4172.73,2839.55,14
SKU1796,Hoodie,Levis,Blue,XXL,3787.63,3543.84,6
SKU1797,Track Pants,Zara,Black,M,1269.19,1254.25,33
SKU1798,Sneakers,Adidas,Black,M,1865.2,1849.05,39
SKU1799,Shorts,H&M,Green,XXL,3282.94,2146.08,23
SKU1800,Shoes,Reebok,Green,XL,2391.18,1830.28,3
SKU1801,Jacket,Adidas,Blue,S,3774.96,2345.77,25
SKU1802,Jacket,H&M,White,XL,3137.93,1929.65,40
SKU1803,Sweater,Zara,Blue,XL,2749.67,2465.33,22
SKU1804,Sweater,Puma,Black,XXL,3270.24,2429.51,42
SKU1805,Cap,Puma,Red,M,2315.97,1485.64,9
SKU1806,T-Shirt,Reebok,Yellow,L,4136.89,3572.15,22
SKU1807,Shoes,Zara,Yellow,L,663.8,647.38,4
SKU1808,Sweater,Reebok,Grey,L,1421.13,1399.96,26
SKU1809,Cap,Adidas,Grey,M,1246.27,1120.51,3
SKU1810,Jacket,Levis,Yellow,M,753.61,685.99,44
SKU1811,Shoes,Levis,Blue,XXL,575.87,476.75,4
SKU1812,Cap,Levis,Yellow,S,2855.43,1931.28,35
SKU1813,Sneakers,Puma,White,XXL,893.87,646.37,46
SKU1814,Sweater,Zara,Red,XXL,2767.34,2533.4,46
SKU1815,Jeans,Reebok,Red,XXL,4574.99,3251.64,36
SKU1816,Sweater,H&M,Yellow,XL,3955.31,2765.08,37
SKU1817,Sneakers,Zara,Blue,M,3629.63,3374.14,23
SKU1818,Cap,Levis,Black,S,4910.74,3983.8,8
SKU1819,T-Shirt,Levis,Yellow,XXL,1453.35,1064.55,18
SKU1820,Sneakers,Levis,Green,L,1163.01,1018.46,32
SKU1821,Hoodie,H&M,Blue,L,698.92,610.67,4
SKU1822,Sneakers,Levis,Red,S,4836.06,4056.77,35
SKU1823,Shoes,Nike,Blue,L,2198.85,1685.15,14
SKU1824,Shoes,Reebok,Blue,S,3972.63,3348.96,40
SKU1825,T-Shirt,Levis,White,M,3680.16,3334.42,31
SKU1826,Shorts,H&M,Yellow,S,4399.53,3140.43,30
SKU1827,Shoes,Zara,Blue,S,3229.44,2065.28,23
SKU1828,Shoes,Nike,Blue,M,985.91,610.31,43
SKU1829,Jeans,Nike,Blue,XL,2016.05,1872.03,23
SKU1830,Sweater,H&M,Red,XL,2436.54,2353.23,37
SKU1831,Sweater,Reebok,Black,XXL,4749.92,3086.45,50
SKU1832,Cap,Zara,Black,XXL,793.78,780.89,15
SKU1833,Cap,Adidas,Black,M,1575.34,956.42,45
SKU1834,Shorts,Reebok,White,XXL,2762.51,2494.41,21
SKU1835,Jacket,Zara,Black,XXL,3333.42,3216.39,2
SKU1836,Jacket,Levis,Black,XXL,3439.91,2737.84,27
SKU1837,T-Shirt,Puma,White,S,3544.15,3255.29,17
SKU1838,Hoodie,Puma,Black,XL,1978.39,1256.51,2
SKU1839,Sweater,Zara,Green,XXL,1383.81,1227.51,10
SKU1840,Sweater,Nike,White,XXL,2110.51,1399.21,18
SKU1841,Jacket,Nike,Yellow,M,2463.64,1878.5,25
SKU1842,Hoodie,Nike,Red,M,2991.15,2688.97,5
SKU1843,Shorts,Nike,Grey,L,2797.77,2419.19,47
SKU1844,Sneakers,Nike,Yellow,XXL,3786.76,3774.83,16
SKU1845,Track Pants,Zara,Green,XXL,3007.0,2368.11,32
SKU1846,Shoes,H&M,Black,XL,3954.53,2624.29,46
SKU1847,Hoodie,Nike,Red,XL,529.92,351.14,12
SKU1848,Hoodie,Adidas,Yellow,M,3607.89,2366.39,27
SKU1849,Hoodie,H&M,Blue,XL,2133.51,1658.24,12
SKU1850,T-Shirt,H&M,Black,S,2774.72,2262.71,11
SKU1851,Cap,Reebok,Red,L,3822.97,3624.68,44
SKU1852,Track Pants,H&M,White,S,1283.64,1203.22,27
SKU1853,Cap,Adidas,Red,XL,1236.08,821.33,22
SKU1854,Cap,H&M,Red,L,4694.79,4269.82,21
SKU1855,Shoes,H&M,Blue,XXL,2545.98,1688.04,13
SKU1856,Cap,Puma,Blue,XL,3898.1,3757.03,14
SKU1857,Track Pants,Levis,Yellow,XL,1515.1,1066.6,5
SKU1858,Cap,Reebok,Blue,L,4764.59,2881.81,48
SKU1859,T-Shirt,Adidas,Black,XL,1454.6,979.87,37
SKU1860,Sweater,Nike,Yellow,M,4865.37,4614.75,4
SKU1861,Shorts,Levis,Grey,S,503.89,363.23,18
SKU1862,Jacket,Nike,White,M,3320.38,2452.62,22
SKU1863,Sneakers,H&M,Yellow,XL,1475.54,1456.72,45
SKU1864,Sneakers,Zara,Red,S,552.54,454.45,47
SKU1865,T-Shirt,Adidas,Black,XXL,1160.9,997.94,41
SKU1866,Track Pants,Nike,Black,XXL,3638.56,2507.66,40
SKU1867,Track Pants,Adidas,Red,XL,1030.66,755.12,11
SKU1868,Track Pants,Levis,Grey,L,3880.72,2449.96,45
SKU1869,Cap,Levis,Black,S,4434.33,2717.39,50
SKU1870,Shorts,Nike,Grey,XXL,4019.91,2920.77,25
SKU1871,Shoes,Levis,Red,S,3875.5,3594.24,41
SKU1872,Jeans,Zara,Black,S,4645.72,4033.0,48
SKU1873,Sneakers,Zara,Grey,S,1582.81,1324.78,7
SKU1874,T-Shirt,Zara,Green,S,2422.74,1681.54,26
SKU1875,Shoes,Nike,Green,XL,1166.33,909.57,50
SKU1876,Jacket,H&M,White,S,853.34,767.39,1
SKU1877,Track Pants,Zara,Grey,XXL,1045.1,687.35,15
SKU1878,Jacket,Zara,White,M,4853.28,4560.39,10
SKU1879,Shoes,Reebok,Blue,M,2762.3,2084.95,38
SKU1880,Shorts,Adidas,White,S,4655.79,3064.74,26
SKU1881,Cap,Puma,Yellow,S,2170.72,1321.34,9
SKU1882,Jacket,Zara,Black,XXL,2212.91,1809.15,40
SKU1883,Sweater,H&M,Grey,S,3262.85,2037.2,16
SKU1884,T-Shirt,Levis,Yellow,L,3235.79,2964.81,27
SKU1885,Sweater,Zara,Black,XXL,2770.02,2439.74,35
SKU1886,Sneakers,Puma,Black,S,2559.76,2110.24,35
SKU1887,Jacket,Zara,Grey,M,2713.33,1966.95,42
SKU1888,Shoes,H&M,Black,S,2732.87,2303.86,25
SKU1889,Track Pants,Levis,Grey,L,4378.06,2768.98,34
SKU1890,Sweater,Nike,Red,S,1796.91,1516.02,9
SKU1891,T-Shirt,Reebok,White,S,2321.48,2267.3,49
SKU1892,T-Shirt,Zara,Black,M,1299.49,961.78,11
SKU1893,Shoes,Adidas,Grey,L,2481.88,1757.79,17
SKU1894,Sneakers,Puma,Blue,M,1041.06,676.37,22
SKU1895,Sneakers,Levis,Yellow,M,838.64,531.21,2
SKU1896,Hoodie,Adidas,Grey,XXL,3000.58,1937.42,29
SKU1897,Hoodie,Reebok,Green,XL,2763.7,2208.53,38
SKU1898,Jeans,Reebok,Grey,S,1689.43,1553.48,10
SKU1899,Track Pants,Reebok,Green,XXL,3909.46,3159.65,43
SKU1900,Sweater,Reebok,Green,XL,1339.39,994.61,3
SKU1901,Sweater,Levis,Red,XXL,4550.04,4064.06,49
SKU1902,T-Shirt,Reebok,White,L,1032.7,639.73,21
SKU1903,Jacket,Reebok,Grey,XL,3222.73,2720.64,32
SKU1904,Track Pants,H&M,Black,S,3565.47,3356.63,50
SKU1905,Shorts,Nike,Grey,XXL,3074.88,2339.97,38
SKU1906,Sweater,Reebok,Green,L,4867.18,4239.1,3
SKU1907,Hoodie,Zara,Black,M,4293.08,3666.19,10
SKU1908,Track Pants,Reebok,Green,XL,3441.34,3306.79,37
SKU1909,Jeans,H&M,Green,XXL,2155.52,1448.88,19
SKU1910,Hoodie,H&M,Green,XXL,4102.35,3775.47,23
SKU1911,T-Shirt,Adidas,Red,M,1342.78,1319.48,43
SKU1912,Jeans,Levis,Red,XXL,4336.97,4172.06,15
SKU1913,Shoes,Adidas,Black,XXL,2865.01,2483.83,18
SKU1914,Cap,Zara,White,XL,3968.47,2544.82,40
SKU1915,Hoodie,Puma,Blue,XXL,617.82,483.99,35
SKU1916,Jeans,Zara,Green,XXL,3186.78,2706.45,44
SKU1917,Jeans,Nike,Black,L,1224.02,995.37,49
SKU1918,Track Pants,Nike,Yellow,M,1411.33,1368.58,29
SKU1919,Jeans,Levis,Black,XL,847.57,752.17,34
SKU1920,Shoes,Nike,White,L,4713.25,3916.83,26
SKU1921,Sweater,Puma,Black,XXL,3898.18,3039.78,33
SKU1922,Jeans,Zara,White,S,2842.06,2725.52,48
SKU1923,Shoes,Levis,Blue,XXL,2408.96,2393.97,12
SKU1924,Shoes,Adidas,White,XL,1067.5,837.38,36
SKU1925,Sweater,Adidas,Red,S,4420.4,3690.23,29
SKU1926,Shorts,Nike,Grey,XL,3185.79,2717.54,4
SKU1927,Jacket,Adidas,Yellow,S,1446.98,1403.79,46
SKU1928,Shoes,Puma,Green,XL,4205.41,3852.15,25
SKU1929,Shorts,H&M,Grey,XXL,3317.32,2694.46,48
SKU1930,Shorts,Puma,Green,L,1946.21,1699.76,46
SKU1931,T-Shirt,H&M,Grey,M,4628.03,3840.4,24
SKU1932,Sneakers,Nike,Blue,XXL,1793.58,1739.2,3
SKU1933,Jeans,Nike,White,XXL,2906.88,2879.19,7
SKU1934,T-Shirt,Reebok,Black,XXL,1085.09,728.35,9
SKU1935,Hoodie,Nike,Blue,L,1010.21,738.55,42
SKU1936,Jeans,Reebok,Yellow,S,4416.56,2889.76,19
SKU1937,T-Shirt,Adidas,White,M,3121.43,2358.05,6
SKU1938,Sweater,Levis,Green,S,4400.41,3999.05,17
SKU1939,Sneakers,Puma,Yellow,XL,3208.34,3015.68,32
SKU1940,Hoodie,Puma,Red,M,4278.94,3996.19,25
SKU1941,Jacket,Reebok,White,L,1348.06,990.09,36
SKU1942,Sneakers,Puma,Black,XXL,2408.5,1968.69,42
SKU1943,Sweater,Levis,Green,XL,2138.62,1670.0,26
SKU1944,Shorts,Adidas,Grey,XL,3154.53,3098.72,47
SKU1945,Shorts,Reebok,White,XL,1146.89,1002.33,12
SKU1946,Shoes,Levis,Green,S,3091.31,2663.42,48
SKU1947,T-Shirt,Adidas,Black,L,4662.59,2942.33,28
SKU1948,T-Shirt,H&M,Red,M,4224.66,3321.54,21
SKU1949,Hoodie,Adidas,Red,XXL,1945.02,1532.41,1
SKU1950,Sweater,Levis,Yellow,L,933.34,743.52,28
SKU1951,Cap,Nike,Black,M,1240.49,1175.36,16
SKU1952,Hoodie,Nike,Black,M,3790.9,3689.22,50
SKU1953,Hoodie,Levis,Blue,XL,910.21,690.04,20
SKU1954,Sweater,H&M,Red,XL,3419.28,2163.19,49
SKU1955,Sneakers,Nike,White,XL,768.91,710.12,7
SKU1956,Jeans,Nike,Blue,XXL,1480.59,1091.42,8
SKU1957,Sneakers,Zara,Red,L,694.62,445.33,48
SKU1958,Jeans,Levis,Blue,S,4841.37,3030.15,31
SKU1959,Hoodie,Levis,Yellow,XXL,1439.65,909.47,11
SKU1960,Track Pants,Nike,Black,M,2141.58,2091.44,24
SKU1961,Track Pants,H&M,Green,S,685.44,558.7,44
SKU1962,Jacket,H&M,Yellow,M,3666.58,3409.1,38
SKU1963,Sweater,Puma,Grey,L,3653.66,3003.82,14
SKU1964,Sweater,H&M,Grey,XL,4018.17,3548.4,18
SKU1965,Shoes,Puma,White,XL,1116.03,942.56,25
SKU1966,Shorts,Levis,Blue,XXL,2638.27,2212.08,13
SKU1967,Cap,Levis,Green,L,910.09,547.8,22
SKU1968,Sweater,Levis,Red,L,795.81,624.16,34
SKU1969,Shorts,Reebok,Black,XXL,3109.91,3001.98,43
SKU1970,Sneakers,Reebok,Black,M,1447.78,1325.1,11
SKU1971,Track Pants,H&M,White,L,1575.74,990.65,36
SKU1972,Shoes,Adidas,White,L,4659.73,4420.62,11
SKU1973,Cap,H&M,Black,L,3446.81,2827.82,30
SKU1974,Track Pants,H&M,White,XL,779.21,754.09,38
SKU1975,Sneakers,Zara,Red,S,3197.86,3042.66,48
SKU1976,T-Shirt,H&M,Grey,S,1544.06,1542.55,31
SKU1977,Shoes,Nike,Red,L,751.81,605.15,33
SKU1978,Shoes,H&M,Blue,S,507.02,387.83,14
SKU1979,T-Shirt,Nike,Red,XXL,961.25,782.04,43
SKU1980,Jeans,Adidas,Blue,XL,1177.73,1109.24,27
SKU1981,Shorts,Reebok,Blue,L,3229.94,2806.74,24
SKU1982,Jeans,Puma,Green,XXL,3505.4,3445.17,38
SKU1983,Hoodie,Zara,White,L,3685.35,2952.58,32
SKU1984,Shorts,H&M,Black,XXL,3695.29,2914.9,22
SKU1985,Shorts,Reebok,Yellow,M,4429.69,4217.36,45
SKU1986,Shorts,Levis,Black,XL,4135.04,2756.98,3
SKU1987,Sneakers,Puma,Yellow,M,2850.68,1869.93,37
SKU1988,Track Pants,Puma,Green,M,2946.07,2322.1,16
SKU1989,T-Shirt,Nike,Grey,L,4733.89,4678.7,42
SKU1990,Sneakers,Reebok,White,XXL,2629.47,2549.89,10
SKU1991,Jacket,Puma,White,XXL,1888.57,1572.9,28
SKU1992,T-Shirt,Puma,Yellow,XXL,2269.13,1546.04,39
SKU1993,Hoodie,Nike,Red,XXL,3941.24,3693.75,25
SKU1994,T-Shirt,Levis,Red,L,2977.18,2349.94,15
SKU1995,Jacket,Reebok,Black,S,3941.72,2715.2,27
SKU1996,Jacket,H&M,Yellow,S,3084.65,2113.75,40
SKU1997,Sneakers,Adidas,White,XL,712.64,604.4,1
SKU1998,Track Pants,Nike,Black,S,2386.42,1596.73,37
SKU1999,Shoes,Levis,Blue,XL,4972.88,4061.24,41
